{"cameraMode":{"drawMode":0,"name":"Shaded","section":"Shading Mode"},"sceneLighting":true,"audioPlay":false,"sceneViewState":{"showFog":true,"showMaterialUpdate":false,"showSkybox":true,"showFlares":true,"showImageEffects":true,"showParticleSystems":true},"in2DMode":false,"pivot":{"x":0.001108407974243164,"y":-0.017976582050323488,"z":-6.845128059387207},"rotation":{"x":0.20868869125843049,"y":-0.026098472997546197,"z":0.00557119632139802,"w":0.9776179790496826},"size":3.2278528213500978,"orthographic":true}