{"cameraMode":{"drawMode":0,"name":"Shaded","section":"Shading Mode"},"sceneLighting":false,"audioPlay":false,"sceneViewState":{"showFog":true,"showMaterialUpdate":false,"showSkybox":true,"showFlares":true,"showImageEffects":true,"showParticleSystems":true},"in2DMode":false,"pivot":{"x":0.03377200663089752,"y":0.7300000190734863,"z":-6.789999961853027},"rotation":{"x":0.20868869125843049,"y":-0.026098472997546197,"z":0.00557119632139802,"w":0.9776179790496826},"size":1.0733585357666016,"orthographic":true}