{"cameraMode":{"drawMode":0,"name":"Shaded","section":"Shading Mode"},"sceneLighting":false,"audioPlay":false,"sceneViewState":{"showFog":true,"showMaterialUpdate":false,"showSkybox":true,"showFlares":true,"showImageEffects":true,"showParticleSystems":true},"in2DMode":false,"pivot":{"x":0.03377199172973633,"y":0.7300000190734863,"z":-5.191310405731201},"rotation":{"x":-0.3846278488636017,"y":-0.004987314809113741,"z":0.0020783778745681049,"w":-0.9230559468269348},"size":1.873738408088684,"orthographic":false}