{"cameraMode":{"drawMode":0,"name":"Shaded","section":"Shading Mode"},"sceneLighting":false,"audioPlay":false,"sceneViewState":{"showFog":true,"showMaterialUpdate":false,"showSkybox":true,"showFlares":true,"showImageEffects":true,"showParticleSystems":true},"in2DMode":false,"pivot":{"x":0.0,"y":0.09670829772949219,"z":-5.917784690856934},"rotation":{"x":-0.34831562638282778,"y":0.013213601894676686,"z":-0.004910395480692387,"w":-0.9372712969779968},"size":1.4700241088867188,"orthographic":false}