{"cameraMode":{"drawMode":0,"name":"Shaded","section":"Shading Mode"},"sceneLighting":false,"audioPlay":false,"sceneViewState":{"showFog":true,"showMaterialUpdate":false,"showSkybox":true,"showFlares":true,"showImageEffects":true,"showParticleSystems":true},"in2DMode":false,"pivot":{"x":0.03377200663089752,"y":0.7300000190734863,"z":-6.789999961853027},"rotation":{"x":-0.34831562638282778,"y":0.013213601894676686,"z":-0.004910395480692387,"w":-0.9372712969779968},"size":1.0733585357666016,"orthographic":false}