{"cameraMode":{"drawMode":0,"name":"Shaded","section":"Shading Mode"},"sceneLighting":false,"audioPlay":false,"sceneViewState":{"showFog":true,"showMaterialUpdate":false,"showSkybox":true,"showFlares":true,"showImageEffects":true,"showParticleSystems":true},"in2DMode":false,"pivot":{"x":0.03377200663089752,"y":0.7300000190734863,"z":-6.789999961853027},"rotation":{"x":-0.001767786219716072,"y":-0.219600111246109,"z":0.0003976183361373842,"w":-0.975588321685791},"size":1.0733585357666016,"orthographic":false}